iter	RMSE
0	0.1828590149
1	0.1728670345
2	0.1645021368
3	0.1569454717
4	0.1508491303
5	0.1451692248
6	0.1404320351
7	0.1363277564
8	0.1327466563
9	0.1293114798
